-- MySQL dump 10.13  Distrib 8.0.19, for osx10.13 (x86_64)
--
-- Host: localhost    Database: restockchicago
-- ------------------------------------------------------
-- Server version	8.0.19

/*!40101 SET @OLD_CHARACTER_SET_CLIENT=@@CHARACTER_SET_CLIENT */;
/*!40101 SET @OLD_CHARACTER_SET_RESULTS=@@CHARACTER_SET_RESULTS */;
/*!40101 SET @OLD_COLLATION_CONNECTION=@@COLLATION_CONNECTION */;
/*!50503 SET NAMES utf8mb4 */;
/*!40103 SET @OLD_TIME_ZONE=@@TIME_ZONE */;
/*!40103 SET TIME_ZONE='+00:00' */;
/*!40014 SET @OLD_UNIQUE_CHECKS=@@UNIQUE_CHECKS, UNIQUE_CHECKS=0 */;
/*!40014 SET @OLD_FOREIGN_KEY_CHECKS=@@FOREIGN_KEY_CHECKS, FOREIGN_KEY_CHECKS=0 */;
/*!40101 SET @OLD_SQL_MODE=@@SQL_MODE, SQL_MODE='NO_AUTO_VALUE_ON_ZERO' */;
/*!40111 SET @OLD_SQL_NOTES=@@SQL_NOTES, SQL_NOTES=0 */;

--
-- Table structure for table `_Migration`
--

DROP TABLE IF EXISTS `_Migration`;
/*!40101 SET @saved_cs_client     = @@character_set_client */;
/*!50503 SET character_set_client = utf8mb4 */;
CREATE TABLE `_Migration` (
  `revision` int NOT NULL AUTO_INCREMENT,
  `name` text NOT NULL,
  `datamodel` longtext NOT NULL,
  `status` text NOT NULL,
  `applied` int NOT NULL,
  `rolled_back` int NOT NULL,
  `datamodel_steps` longtext NOT NULL,
  `database_migration` longtext NOT NULL,
  `errors` longtext NOT NULL,
  `started_at` datetime(3) NOT NULL,
  `finished_at` datetime(3) DEFAULT NULL,
  PRIMARY KEY (`revision`)
) ENGINE=InnoDB AUTO_INCREMENT=3 DEFAULT CHARSET=utf8mb4 COLLATE=utf8mb4_0900_ai_ci;
/*!40101 SET character_set_client = @saved_cs_client */;

--
-- Dumping data for table `_Migration`
--

LOCK TABLES `_Migration` WRITE;
/*!40000 ALTER TABLE `_Migration` DISABLE KEYS */;
INSERT INTO `_Migration` VALUES (1,'20200605150215-migr1','datasource db {\n  provider = \"mysql\"\n  url      = env(\"DATABASE_URL\")\n}\n\nmodel Category {\n  id          Int        @default(autoincrement()) @id\n  name        String     @unique\n  url         String     @unique\n  description String?\n  parent      Int?\n  products    Product[]\n  images      ImageCat[]\n  icon        String     @unique\n}\n\nmodel Product {\n  id          Int         @default(autoincrement()) @id\n  name        String      @unique\n  url         String      @unique\n  description String?\n  category_id Int?\n  category    Category?   @relation(fields: [category_id], references: [id])\n  images      ImageProd[]\n  icon        String      @unique\n\n  @@index([category_id], name: \"Product_Category_id_fk\")\n}\n\nmodel ImageCat {\n  id          Int       @default(autoincrement()) @id\n  url         String\n  category_id Int?\n  category    Category? @relation(fields: [category_id], references: [id])\n\n  @@index([category_id], name: \"Image_Category_id_fk\")\n}\n\nmodel ImageProd {\n  id         Int      @default(autoincrement()) @id\n  url        String\n  product_id Int?\n  product    Product? @relation(fields: [product_id], references: [id])\n\n  @@index([product_id], name: \"Image_Product_id_fk\")\n}','MigrationSuccess',15,0,'[{\"tag\":\"CreateSource\",\"source\":\"db\"},{\"tag\":\"CreateArgument\",\"location\":{\"tag\":\"Source\",\"source\":\"db\"},\"argument\":\"provider\",\"value\":\"\\\"mysql\\\"\"},{\"tag\":\"CreateArgument\",\"location\":{\"tag\":\"Source\",\"source\":\"db\"},\"argument\":\"url\",\"value\":\"env(\\\"DATABASE_URL\\\")\"},{\"tag\":\"CreateModel\",\"model\":\"Category\"},{\"tag\":\"CreateField\",\"model\":\"Category\",\"field\":\"id\",\"type\":\"Int\",\"arity\":\"Required\"},{\"tag\":\"CreateDirective\",\"location\":{\"path\":{\"tag\":\"Field\",\"model\":\"Category\",\"field\":\"id\"},\"directive\":\"default\"}},{\"tag\":\"CreateArgument\",\"location\":{\"tag\":\"Directive\",\"path\":{\"tag\":\"Field\",\"model\":\"Category\",\"field\":\"id\"},\"directive\":\"default\"},\"argument\":\"\",\"value\":\"autoincrement()\"},{\"tag\":\"CreateDirective\",\"location\":{\"path\":{\"tag\":\"Field\",\"model\":\"Category\",\"field\":\"id\"},\"directive\":\"id\"}},{\"tag\":\"CreateField\",\"model\":\"Category\",\"field\":\"name\",\"type\":\"String\",\"arity\":\"Required\"},{\"tag\":\"CreateDirective\",\"location\":{\"path\":{\"tag\":\"Field\",\"model\":\"Category\",\"field\":\"name\"},\"directive\":\"unique\"}},{\"tag\":\"CreateField\",\"model\":\"Category\",\"field\":\"url\",\"type\":\"String\",\"arity\":\"Required\"},{\"tag\":\"CreateDirective\",\"location\":{\"path\":{\"tag\":\"Field\",\"model\":\"Category\",\"field\":\"url\"},\"directive\":\"unique\"}},{\"tag\":\"CreateField\",\"model\":\"Category\",\"field\":\"description\",\"type\":\"String\",\"arity\":\"Optional\"},{\"tag\":\"CreateField\",\"model\":\"Category\",\"field\":\"parent\",\"type\":\"Int\",\"arity\":\"Optional\"},{\"tag\":\"CreateField\",\"model\":\"Category\",\"field\":\"products\",\"type\":\"Product\",\"arity\":\"List\"},{\"tag\":\"CreateField\",\"model\":\"Category\",\"field\":\"images\",\"type\":\"ImageCat\",\"arity\":\"List\"},{\"tag\":\"CreateField\",\"model\":\"Category\",\"field\":\"icon\",\"type\":\"String\",\"arity\":\"Required\"},{\"tag\":\"CreateDirective\",\"location\":{\"path\":{\"tag\":\"Field\",\"model\":\"Category\",\"field\":\"icon\"},\"directive\":\"unique\"}},{\"tag\":\"CreateModel\",\"model\":\"Product\"},{\"tag\":\"CreateField\",\"model\":\"Product\",\"field\":\"id\",\"type\":\"Int\",\"arity\":\"Required\"},{\"tag\":\"CreateDirective\",\"location\":{\"path\":{\"tag\":\"Field\",\"model\":\"Product\",\"field\":\"id\"},\"directive\":\"default\"}},{\"tag\":\"CreateArgument\",\"location\":{\"tag\":\"Directive\",\"path\":{\"tag\":\"Field\",\"model\":\"Product\",\"field\":\"id\"},\"directive\":\"default\"},\"argument\":\"\",\"value\":\"autoincrement()\"},{\"tag\":\"CreateDirective\",\"location\":{\"path\":{\"tag\":\"Field\",\"model\":\"Product\",\"field\":\"id\"},\"directive\":\"id\"}},{\"tag\":\"CreateField\",\"model\":\"Product\",\"field\":\"name\",\"type\":\"String\",\"arity\":\"Required\"},{\"tag\":\"CreateDirective\",\"location\":{\"path\":{\"tag\":\"Field\",\"model\":\"Product\",\"field\":\"name\"},\"directive\":\"unique\"}},{\"tag\":\"CreateField\",\"model\":\"Product\",\"field\":\"url\",\"type\":\"String\",\"arity\":\"Required\"},{\"tag\":\"CreateDirective\",\"location\":{\"path\":{\"tag\":\"Field\",\"model\":\"Product\",\"field\":\"url\"},\"directive\":\"unique\"}},{\"tag\":\"CreateField\",\"model\":\"Product\",\"field\":\"description\",\"type\":\"String\",\"arity\":\"Optional\"},{\"tag\":\"CreateField\",\"model\":\"Product\",\"field\":\"category_id\",\"type\":\"Int\",\"arity\":\"Optional\"},{\"tag\":\"CreateField\",\"model\":\"Product\",\"field\":\"category\",\"type\":\"Category\",\"arity\":\"Optional\"},{\"tag\":\"CreateDirective\",\"location\":{\"path\":{\"tag\":\"Field\",\"model\":\"Product\",\"field\":\"category\"},\"directive\":\"relation\"}},{\"tag\":\"CreateArgument\",\"location\":{\"tag\":\"Directive\",\"path\":{\"tag\":\"Field\",\"model\":\"Product\",\"field\":\"category\"},\"directive\":\"relation\"},\"argument\":\"fields\",\"value\":\"[category_id]\"},{\"tag\":\"CreateArgument\",\"location\":{\"tag\":\"Directive\",\"path\":{\"tag\":\"Field\",\"model\":\"Product\",\"field\":\"category\"},\"directive\":\"relation\"},\"argument\":\"references\",\"value\":\"[id]\"},{\"tag\":\"CreateField\",\"model\":\"Product\",\"field\":\"images\",\"type\":\"ImageProd\",\"arity\":\"List\"},{\"tag\":\"CreateField\",\"model\":\"Product\",\"field\":\"icon\",\"type\":\"String\",\"arity\":\"Required\"},{\"tag\":\"CreateDirective\",\"location\":{\"path\":{\"tag\":\"Field\",\"model\":\"Product\",\"field\":\"icon\"},\"directive\":\"unique\"}},{\"tag\":\"CreateDirective\",\"location\":{\"path\":{\"tag\":\"Model\",\"model\":\"Product\",\"arguments\":[{\"name\":\"\",\"value\":\"[category_id]\"},{\"name\":\"name\",\"value\":\"\\\"Product_Category_id_fk\\\"\"}]},\"directive\":\"index\"}},{\"tag\":\"CreateModel\",\"model\":\"ImageCat\"},{\"tag\":\"CreateField\",\"model\":\"ImageCat\",\"field\":\"id\",\"type\":\"Int\",\"arity\":\"Required\"},{\"tag\":\"CreateDirective\",\"location\":{\"path\":{\"tag\":\"Field\",\"model\":\"ImageCat\",\"field\":\"id\"},\"directive\":\"default\"}},{\"tag\":\"CreateArgument\",\"location\":{\"tag\":\"Directive\",\"path\":{\"tag\":\"Field\",\"model\":\"ImageCat\",\"field\":\"id\"},\"directive\":\"default\"},\"argument\":\"\",\"value\":\"autoincrement()\"},{\"tag\":\"CreateDirective\",\"location\":{\"path\":{\"tag\":\"Field\",\"model\":\"ImageCat\",\"field\":\"id\"},\"directive\":\"id\"}},{\"tag\":\"CreateField\",\"model\":\"ImageCat\",\"field\":\"url\",\"type\":\"String\",\"arity\":\"Required\"},{\"tag\":\"CreateField\",\"model\":\"ImageCat\",\"field\":\"category_id\",\"type\":\"Int\",\"arity\":\"Optional\"},{\"tag\":\"CreateField\",\"model\":\"ImageCat\",\"field\":\"category\",\"type\":\"Category\",\"arity\":\"Optional\"},{\"tag\":\"CreateDirective\",\"location\":{\"path\":{\"tag\":\"Field\",\"model\":\"ImageCat\",\"field\":\"category\"},\"directive\":\"relation\"}},{\"tag\":\"CreateArgument\",\"location\":{\"tag\":\"Directive\",\"path\":{\"tag\":\"Field\",\"model\":\"ImageCat\",\"field\":\"category\"},\"directive\":\"relation\"},\"argument\":\"fields\",\"value\":\"[category_id]\"},{\"tag\":\"CreateArgument\",\"location\":{\"tag\":\"Directive\",\"path\":{\"tag\":\"Field\",\"model\":\"ImageCat\",\"field\":\"category\"},\"directive\":\"relation\"},\"argument\":\"references\",\"value\":\"[id]\"},{\"tag\":\"CreateDirective\",\"location\":{\"path\":{\"tag\":\"Model\",\"model\":\"ImageCat\",\"arguments\":[{\"name\":\"\",\"value\":\"[category_id]\"},{\"name\":\"name\",\"value\":\"\\\"Image_Category_id_fk\\\"\"}]},\"directive\":\"index\"}},{\"tag\":\"CreateModel\",\"model\":\"ImageProd\"},{\"tag\":\"CreateField\",\"model\":\"ImageProd\",\"field\":\"id\",\"type\":\"Int\",\"arity\":\"Required\"},{\"tag\":\"CreateDirective\",\"location\":{\"path\":{\"tag\":\"Field\",\"model\":\"ImageProd\",\"field\":\"id\"},\"directive\":\"default\"}},{\"tag\":\"CreateArgument\",\"location\":{\"tag\":\"Directive\",\"path\":{\"tag\":\"Field\",\"model\":\"ImageProd\",\"field\":\"id\"},\"directive\":\"default\"},\"argument\":\"\",\"value\":\"autoincrement()\"},{\"tag\":\"CreateDirective\",\"location\":{\"path\":{\"tag\":\"Field\",\"model\":\"ImageProd\",\"field\":\"id\"},\"directive\":\"id\"}},{\"tag\":\"CreateField\",\"model\":\"ImageProd\",\"field\":\"url\",\"type\":\"String\",\"arity\":\"Required\"},{\"tag\":\"CreateField\",\"model\":\"ImageProd\",\"field\":\"product_id\",\"type\":\"Int\",\"arity\":\"Optional\"},{\"tag\":\"CreateField\",\"model\":\"ImageProd\",\"field\":\"product\",\"type\":\"Product\",\"arity\":\"Optional\"},{\"tag\":\"CreateDirective\",\"location\":{\"path\":{\"tag\":\"Field\",\"model\":\"ImageProd\",\"field\":\"product\"},\"directive\":\"relation\"}},{\"tag\":\"CreateArgument\",\"location\":{\"tag\":\"Directive\",\"path\":{\"tag\":\"Field\",\"model\":\"ImageProd\",\"field\":\"product\"},\"directive\":\"relation\"},\"argument\":\"fields\",\"value\":\"[product_id]\"},{\"tag\":\"CreateArgument\",\"location\":{\"tag\":\"Directive\",\"path\":{\"tag\":\"Field\",\"model\":\"ImageProd\",\"field\":\"product\"},\"directive\":\"relation\"},\"argument\":\"references\",\"value\":\"[id]\"},{\"tag\":\"CreateDirective\",\"location\":{\"path\":{\"tag\":\"Model\",\"model\":\"ImageProd\",\"arguments\":[{\"name\":\"\",\"value\":\"[product_id]\"},{\"name\":\"name\",\"value\":\"\\\"Image_Product_id_fk\\\"\"}]},\"directive\":\"index\"}}]','{\"before\":{\"tables\":[{\"name\":\"_Migration\",\"columns\":[{\"name\":\"applied\",\"tpe\":{\"dataType\":\"int\",\"fullDataType\":\"int\",\"characterMaximumLength\":null,\"family\":\"int\",\"arity\":\"required\"},\"default\":null,\"autoIncrement\":false},{\"name\":\"database_migration\",\"tpe\":{\"dataType\":\"longtext\",\"fullDataType\":\"longtext\",\"characterMaximumLength\":4294967295,\"family\":\"string\",\"arity\":\"required\"},\"default\":null,\"autoIncrement\":false},{\"name\":\"datamodel\",\"tpe\":{\"dataType\":\"longtext\",\"fullDataType\":\"longtext\",\"characterMaximumLength\":4294967295,\"family\":\"string\",\"arity\":\"required\"},\"default\":null,\"autoIncrement\":false},{\"name\":\"datamodel_steps\",\"tpe\":{\"dataType\":\"longtext\",\"fullDataType\":\"longtext\",\"characterMaximumLength\":4294967295,\"family\":\"string\",\"arity\":\"required\"},\"default\":null,\"autoIncrement\":false},{\"name\":\"errors\",\"tpe\":{\"dataType\":\"longtext\",\"fullDataType\":\"longtext\",\"characterMaximumLength\":4294967295,\"family\":\"string\",\"arity\":\"required\"},\"default\":null,\"autoIncrement\":false},{\"name\":\"finished_at\",\"tpe\":{\"dataType\":\"datetime\",\"fullDataType\":\"datetime(3)\",\"characterMaximumLength\":null,\"family\":\"dateTime\",\"arity\":\"nullable\"},\"default\":null,\"autoIncrement\":false},{\"name\":\"name\",\"tpe\":{\"dataType\":\"text\",\"fullDataType\":\"text\",\"characterMaximumLength\":65535,\"family\":\"string\",\"arity\":\"required\"},\"default\":null,\"autoIncrement\":false},{\"name\":\"revision\",\"tpe\":{\"dataType\":\"int\",\"fullDataType\":\"int\",\"characterMaximumLength\":null,\"family\":\"int\",\"arity\":\"required\"},\"default\":null,\"autoIncrement\":true},{\"name\":\"rolled_back\",\"tpe\":{\"dataType\":\"int\",\"fullDataType\":\"int\",\"characterMaximumLength\":null,\"family\":\"int\",\"arity\":\"required\"},\"default\":null,\"autoIncrement\":false},{\"name\":\"started_at\",\"tpe\":{\"dataType\":\"datetime\",\"fullDataType\":\"datetime(3)\",\"characterMaximumLength\":null,\"family\":\"dateTime\",\"arity\":\"required\"},\"default\":null,\"autoIncrement\":false},{\"name\":\"status\",\"tpe\":{\"dataType\":\"text\",\"fullDataType\":\"text\",\"characterMaximumLength\":65535,\"family\":\"string\",\"arity\":\"required\"},\"default\":null,\"autoIncrement\":false}],\"indices\":[],\"primaryKey\":{\"columns\":[\"revision\"],\"sequence\":null},\"foreignKeys\":[]}],\"enums\":[],\"sequences\":[]},\"after\":{\"tables\":[{\"name\":\"Category\",\"columns\":[{\"name\":\"description\",\"tpe\":{\"dataType\":\"\",\"fullDataType\":\"\",\"characterMaximumLength\":null,\"family\":\"string\",\"arity\":\"nullable\"},\"default\":null,\"autoIncrement\":false},{\"name\":\"icon\",\"tpe\":{\"dataType\":\"\",\"fullDataType\":\"\",\"characterMaximumLength\":null,\"family\":\"string\",\"arity\":\"required\"},\"default\":null,\"autoIncrement\":false},{\"name\":\"id\",\"tpe\":{\"dataType\":\"\",\"fullDataType\":\"\",\"characterMaximumLength\":null,\"family\":\"int\",\"arity\":\"required\"},\"default\":null,\"autoIncrement\":true},{\"name\":\"name\",\"tpe\":{\"dataType\":\"\",\"fullDataType\":\"\",\"characterMaximumLength\":null,\"family\":\"string\",\"arity\":\"required\"},\"default\":null,\"autoIncrement\":false},{\"name\":\"parent\",\"tpe\":{\"dataType\":\"\",\"fullDataType\":\"\",\"characterMaximumLength\":null,\"family\":\"int\",\"arity\":\"nullable\"},\"default\":null,\"autoIncrement\":false},{\"name\":\"url\",\"tpe\":{\"dataType\":\"\",\"fullDataType\":\"\",\"characterMaximumLength\":null,\"family\":\"string\",\"arity\":\"required\"},\"default\":null,\"autoIncrement\":false}],\"indices\":[{\"name\":\"Category.name\",\"columns\":[\"name\"],\"tpe\":\"unique\"},{\"name\":\"Category.url\",\"columns\":[\"url\"],\"tpe\":\"unique\"},{\"name\":\"Category.icon\",\"columns\":[\"icon\"],\"tpe\":\"unique\"}],\"primaryKey\":{\"columns\":[\"id\"],\"sequence\":null},\"foreignKeys\":[]},{\"name\":\"Product\",\"columns\":[{\"name\":\"category_id\",\"tpe\":{\"dataType\":\"\",\"fullDataType\":\"\",\"characterMaximumLength\":null,\"family\":\"int\",\"arity\":\"nullable\"},\"default\":null,\"autoIncrement\":false},{\"name\":\"description\",\"tpe\":{\"dataType\":\"\",\"fullDataType\":\"\",\"characterMaximumLength\":null,\"family\":\"string\",\"arity\":\"nullable\"},\"default\":null,\"autoIncrement\":false},{\"name\":\"icon\",\"tpe\":{\"dataType\":\"\",\"fullDataType\":\"\",\"characterMaximumLength\":null,\"family\":\"string\",\"arity\":\"required\"},\"default\":null,\"autoIncrement\":false},{\"name\":\"id\",\"tpe\":{\"dataType\":\"\",\"fullDataType\":\"\",\"characterMaximumLength\":null,\"family\":\"int\",\"arity\":\"required\"},\"default\":null,\"autoIncrement\":true},{\"name\":\"name\",\"tpe\":{\"dataType\":\"\",\"fullDataType\":\"\",\"characterMaximumLength\":null,\"family\":\"string\",\"arity\":\"required\"},\"default\":null,\"autoIncrement\":false},{\"name\":\"url\",\"tpe\":{\"dataType\":\"\",\"fullDataType\":\"\",\"characterMaximumLength\":null,\"family\":\"string\",\"arity\":\"required\"},\"default\":null,\"autoIncrement\":false}],\"indices\":[{\"name\":\"Product.name\",\"columns\":[\"name\"],\"tpe\":\"unique\"},{\"name\":\"Product.url\",\"columns\":[\"url\"],\"tpe\":\"unique\"},{\"name\":\"Product.icon\",\"columns\":[\"icon\"],\"tpe\":\"unique\"},{\"name\":\"Product_Category_id_fk\",\"columns\":[\"category_id\"],\"tpe\":\"normal\"}],\"primaryKey\":{\"columns\":[\"id\"],\"sequence\":null},\"foreignKeys\":[{\"constraintName\":null,\"columns\":[\"category_id\"],\"referencedTable\":\"Category\",\"referencedColumns\":[\"id\"],\"onDeleteAction\":\"setNull\"}]},{\"name\":\"ImageCat\",\"columns\":[{\"name\":\"category_id\",\"tpe\":{\"dataType\":\"\",\"fullDataType\":\"\",\"characterMaximumLength\":null,\"family\":\"int\",\"arity\":\"nullable\"},\"default\":null,\"autoIncrement\":false},{\"name\":\"id\",\"tpe\":{\"dataType\":\"\",\"fullDataType\":\"\",\"characterMaximumLength\":null,\"family\":\"int\",\"arity\":\"required\"},\"default\":null,\"autoIncrement\":true},{\"name\":\"url\",\"tpe\":{\"dataType\":\"\",\"fullDataType\":\"\",\"characterMaximumLength\":null,\"family\":\"string\",\"arity\":\"required\"},\"default\":null,\"autoIncrement\":false}],\"indices\":[{\"name\":\"Image_Category_id_fk\",\"columns\":[\"category_id\"],\"tpe\":\"normal\"}],\"primaryKey\":{\"columns\":[\"id\"],\"sequence\":null},\"foreignKeys\":[{\"constraintName\":null,\"columns\":[\"category_id\"],\"referencedTable\":\"Category\",\"referencedColumns\":[\"id\"],\"onDeleteAction\":\"setNull\"}]},{\"name\":\"ImageProd\",\"columns\":[{\"name\":\"id\",\"tpe\":{\"dataType\":\"\",\"fullDataType\":\"\",\"characterMaximumLength\":null,\"family\":\"int\",\"arity\":\"required\"},\"default\":null,\"autoIncrement\":true},{\"name\":\"product_id\",\"tpe\":{\"dataType\":\"\",\"fullDataType\":\"\",\"characterMaximumLength\":null,\"family\":\"int\",\"arity\":\"nullable\"},\"default\":null,\"autoIncrement\":false},{\"name\":\"url\",\"tpe\":{\"dataType\":\"\",\"fullDataType\":\"\",\"characterMaximumLength\":null,\"family\":\"string\",\"arity\":\"required\"},\"default\":null,\"autoIncrement\":false}],\"indices\":[{\"name\":\"Image_Product_id_fk\",\"columns\":[\"product_id\"],\"tpe\":\"normal\"}],\"primaryKey\":{\"columns\":[\"id\"],\"sequence\":null},\"foreignKeys\":[{\"constraintName\":null,\"columns\":[\"product_id\"],\"referencedTable\":\"Product\",\"referencedColumns\":[\"id\"],\"onDeleteAction\":\"setNull\"}]}],\"enums\":[],\"sequences\":[]},\"original_steps\":[{\"CreateTable\":{\"table\":{\"name\":\"Category\",\"columns\":[{\"name\":\"description\",\"tpe\":{\"dataType\":\"\",\"fullDataType\":\"\",\"characterMaximumLength\":null,\"family\":\"string\",\"arity\":\"nullable\"},\"default\":null,\"autoIncrement\":false},{\"name\":\"icon\",\"tpe\":{\"dataType\":\"\",\"fullDataType\":\"\",\"characterMaximumLength\":null,\"family\":\"string\",\"arity\":\"required\"},\"default\":null,\"autoIncrement\":false},{\"name\":\"id\",\"tpe\":{\"dataType\":\"\",\"fullDataType\":\"\",\"characterMaximumLength\":null,\"family\":\"int\",\"arity\":\"required\"},\"default\":null,\"autoIncrement\":true},{\"name\":\"name\",\"tpe\":{\"dataType\":\"\",\"fullDataType\":\"\",\"characterMaximumLength\":null,\"family\":\"string\",\"arity\":\"required\"},\"default\":null,\"autoIncrement\":false},{\"name\":\"parent\",\"tpe\":{\"dataType\":\"\",\"fullDataType\":\"\",\"characterMaximumLength\":null,\"family\":\"int\",\"arity\":\"nullable\"},\"default\":null,\"autoIncrement\":false},{\"name\":\"url\",\"tpe\":{\"dataType\":\"\",\"fullDataType\":\"\",\"characterMaximumLength\":null,\"family\":\"string\",\"arity\":\"required\"},\"default\":null,\"autoIncrement\":false}],\"indices\":[{\"name\":\"Category.name\",\"columns\":[\"name\"],\"tpe\":\"unique\"},{\"name\":\"Category.url\",\"columns\":[\"url\"],\"tpe\":\"unique\"},{\"name\":\"Category.icon\",\"columns\":[\"icon\"],\"tpe\":\"unique\"}],\"primaryKey\":{\"columns\":[\"id\"],\"sequence\":null},\"foreignKeys\":[]}}},{\"CreateTable\":{\"table\":{\"name\":\"Product\",\"columns\":[{\"name\":\"category_id\",\"tpe\":{\"dataType\":\"\",\"fullDataType\":\"\",\"characterMaximumLength\":null,\"family\":\"int\",\"arity\":\"nullable\"},\"default\":null,\"autoIncrement\":false},{\"name\":\"description\",\"tpe\":{\"dataType\":\"\",\"fullDataType\":\"\",\"characterMaximumLength\":null,\"family\":\"string\",\"arity\":\"nullable\"},\"default\":null,\"autoIncrement\":false},{\"name\":\"icon\",\"tpe\":{\"dataType\":\"\",\"fullDataType\":\"\",\"characterMaximumLength\":null,\"family\":\"string\",\"arity\":\"required\"},\"default\":null,\"autoIncrement\":false},{\"name\":\"id\",\"tpe\":{\"dataType\":\"\",\"fullDataType\":\"\",\"characterMaximumLength\":null,\"family\":\"int\",\"arity\":\"required\"},\"default\":null,\"autoIncrement\":true},{\"name\":\"name\",\"tpe\":{\"dataType\":\"\",\"fullDataType\":\"\",\"characterMaximumLength\":null,\"family\":\"string\",\"arity\":\"required\"},\"default\":null,\"autoIncrement\":false},{\"name\":\"url\",\"tpe\":{\"dataType\":\"\",\"fullDataType\":\"\",\"characterMaximumLength\":null,\"family\":\"string\",\"arity\":\"required\"},\"default\":null,\"autoIncrement\":false}],\"indices\":[{\"name\":\"Product.name\",\"columns\":[\"name\"],\"tpe\":\"unique\"},{\"name\":\"Product.url\",\"columns\":[\"url\"],\"tpe\":\"unique\"},{\"name\":\"Product.icon\",\"columns\":[\"icon\"],\"tpe\":\"unique\"},{\"name\":\"Product_Category_id_fk\",\"columns\":[\"category_id\"],\"tpe\":\"normal\"}],\"primaryKey\":{\"columns\":[\"id\"],\"sequence\":null},\"foreignKeys\":[{\"constraintName\":null,\"columns\":[\"category_id\"],\"referencedTable\":\"Category\",\"referencedColumns\":[\"id\"],\"onDeleteAction\":\"setNull\"}]}}},{\"CreateTable\":{\"table\":{\"name\":\"ImageCat\",\"columns\":[{\"name\":\"category_id\",\"tpe\":{\"dataType\":\"\",\"fullDataType\":\"\",\"characterMaximumLength\":null,\"family\":\"int\",\"arity\":\"nullable\"},\"default\":null,\"autoIncrement\":false},{\"name\":\"id\",\"tpe\":{\"dataType\":\"\",\"fullDataType\":\"\",\"characterMaximumLength\":null,\"family\":\"int\",\"arity\":\"required\"},\"default\":null,\"autoIncrement\":true},{\"name\":\"url\",\"tpe\":{\"dataType\":\"\",\"fullDataType\":\"\",\"characterMaximumLength\":null,\"family\":\"string\",\"arity\":\"required\"},\"default\":null,\"autoIncrement\":false}],\"indices\":[{\"name\":\"Image_Category_id_fk\",\"columns\":[\"category_id\"],\"tpe\":\"normal\"}],\"primaryKey\":{\"columns\":[\"id\"],\"sequence\":null},\"foreignKeys\":[{\"constraintName\":null,\"columns\":[\"category_id\"],\"referencedTable\":\"Category\",\"referencedColumns\":[\"id\"],\"onDeleteAction\":\"setNull\"}]}}},{\"CreateTable\":{\"table\":{\"name\":\"ImageProd\",\"columns\":[{\"name\":\"id\",\"tpe\":{\"dataType\":\"\",\"fullDataType\":\"\",\"characterMaximumLength\":null,\"family\":\"int\",\"arity\":\"required\"},\"default\":null,\"autoIncrement\":true},{\"name\":\"product_id\",\"tpe\":{\"dataType\":\"\",\"fullDataType\":\"\",\"characterMaximumLength\":null,\"family\":\"int\",\"arity\":\"nullable\"},\"default\":null,\"autoIncrement\":false},{\"name\":\"url\",\"tpe\":{\"dataType\":\"\",\"fullDataType\":\"\",\"characterMaximumLength\":null,\"family\":\"string\",\"arity\":\"required\"},\"default\":null,\"autoIncrement\":false}],\"indices\":[{\"name\":\"Image_Product_id_fk\",\"columns\":[\"product_id\"],\"tpe\":\"normal\"}],\"primaryKey\":{\"columns\":[\"id\"],\"sequence\":null},\"foreignKeys\":[{\"constraintName\":null,\"columns\":[\"product_id\"],\"referencedTable\":\"Product\",\"referencedColumns\":[\"id\"],\"onDeleteAction\":\"setNull\"}]}}},{\"CreateIndex\":{\"table\":\"Category\",\"index\":{\"name\":\"Category.name\",\"columns\":[\"name\"],\"tpe\":\"unique\"}}},{\"CreateIndex\":{\"table\":\"Category\",\"index\":{\"name\":\"Category.url\",\"columns\":[\"url\"],\"tpe\":\"unique\"}}},{\"CreateIndex\":{\"table\":\"Category\",\"index\":{\"name\":\"Category.icon\",\"columns\":[\"icon\"],\"tpe\":\"unique\"}}},{\"CreateIndex\":{\"table\":\"Product\",\"index\":{\"name\":\"Product.name\",\"columns\":[\"name\"],\"tpe\":\"unique\"}}},{\"CreateIndex\":{\"table\":\"Product\",\"index\":{\"name\":\"Product.url\",\"columns\":[\"url\"],\"tpe\":\"unique\"}}},{\"CreateIndex\":{\"table\":\"Product\",\"index\":{\"name\":\"Product.icon\",\"columns\":[\"icon\"],\"tpe\":\"unique\"}}},{\"CreateIndex\":{\"table\":\"Product\",\"index\":{\"name\":\"Product_Category_id_fk\",\"columns\":[\"category_id\"],\"tpe\":\"normal\"}}},{\"CreateIndex\":{\"table\":\"ImageCat\",\"index\":{\"name\":\"Image_Category_id_fk\",\"columns\":[\"category_id\"],\"tpe\":\"normal\"}}},{\"CreateIndex\":{\"table\":\"ImageProd\",\"index\":{\"name\":\"Image_Product_id_fk\",\"columns\":[\"product_id\"],\"tpe\":\"normal\"}}},{\"AddForeignKey\":{\"table\":\"Product\",\"foreign_key\":{\"constraintName\":null,\"columns\":[\"category_id\"],\"referencedTable\":\"Category\",\"referencedColumns\":[\"id\"],\"onDeleteAction\":\"setNull\"}}},{\"AddForeignKey\":{\"table\":\"ImageCat\",\"foreign_key\":{\"constraintName\":null,\"columns\":[\"category_id\"],\"referencedTable\":\"Category\",\"referencedColumns\":[\"id\"],\"onDeleteAction\":\"setNull\"}}},{\"AddForeignKey\":{\"table\":\"ImageProd\",\"foreign_key\":{\"constraintName\":null,\"columns\":[\"product_id\"],\"referencedTable\":\"Product\",\"referencedColumns\":[\"id\"],\"onDeleteAction\":\"setNull\"}}}],\"corrected_steps\":[{\"CreateTable\":{\"table\":{\"name\":\"Category\",\"columns\":[{\"name\":\"description\",\"tpe\":{\"dataType\":\"\",\"fullDataType\":\"\",\"characterMaximumLength\":null,\"family\":\"string\",\"arity\":\"nullable\"},\"default\":null,\"autoIncrement\":false},{\"name\":\"icon\",\"tpe\":{\"dataType\":\"\",\"fullDataType\":\"\",\"characterMaximumLength\":null,\"family\":\"string\",\"arity\":\"required\"},\"default\":null,\"autoIncrement\":false},{\"name\":\"id\",\"tpe\":{\"dataType\":\"\",\"fullDataType\":\"\",\"characterMaximumLength\":null,\"family\":\"int\",\"arity\":\"required\"},\"default\":null,\"autoIncrement\":true},{\"name\":\"name\",\"tpe\":{\"dataType\":\"\",\"fullDataType\":\"\",\"characterMaximumLength\":null,\"family\":\"string\",\"arity\":\"required\"},\"default\":null,\"autoIncrement\":false},{\"name\":\"parent\",\"tpe\":{\"dataType\":\"\",\"fullDataType\":\"\",\"characterMaximumLength\":null,\"family\":\"int\",\"arity\":\"nullable\"},\"default\":null,\"autoIncrement\":false},{\"name\":\"url\",\"tpe\":{\"dataType\":\"\",\"fullDataType\":\"\",\"characterMaximumLength\":null,\"family\":\"string\",\"arity\":\"required\"},\"default\":null,\"autoIncrement\":false}],\"indices\":[{\"name\":\"Category.name\",\"columns\":[\"name\"],\"tpe\":\"unique\"},{\"name\":\"Category.url\",\"columns\":[\"url\"],\"tpe\":\"unique\"},{\"name\":\"Category.icon\",\"columns\":[\"icon\"],\"tpe\":\"unique\"}],\"primaryKey\":{\"columns\":[\"id\"],\"sequence\":null},\"foreignKeys\":[]}}},{\"CreateTable\":{\"table\":{\"name\":\"Product\",\"columns\":[{\"name\":\"category_id\",\"tpe\":{\"dataType\":\"\",\"fullDataType\":\"\",\"characterMaximumLength\":null,\"family\":\"int\",\"arity\":\"nullable\"},\"default\":null,\"autoIncrement\":false},{\"name\":\"description\",\"tpe\":{\"dataType\":\"\",\"fullDataType\":\"\",\"characterMaximumLength\":null,\"family\":\"string\",\"arity\":\"nullable\"},\"default\":null,\"autoIncrement\":false},{\"name\":\"icon\",\"tpe\":{\"dataType\":\"\",\"fullDataType\":\"\",\"characterMaximumLength\":null,\"family\":\"string\",\"arity\":\"required\"},\"default\":null,\"autoIncrement\":false},{\"name\":\"id\",\"tpe\":{\"dataType\":\"\",\"fullDataType\":\"\",\"characterMaximumLength\":null,\"family\":\"int\",\"arity\":\"required\"},\"default\":null,\"autoIncrement\":true},{\"name\":\"name\",\"tpe\":{\"dataType\":\"\",\"fullDataType\":\"\",\"characterMaximumLength\":null,\"family\":\"string\",\"arity\":\"required\"},\"default\":null,\"autoIncrement\":false},{\"name\":\"url\",\"tpe\":{\"dataType\":\"\",\"fullDataType\":\"\",\"characterMaximumLength\":null,\"family\":\"string\",\"arity\":\"required\"},\"default\":null,\"autoIncrement\":false}],\"indices\":[{\"name\":\"Product.name\",\"columns\":[\"name\"],\"tpe\":\"unique\"},{\"name\":\"Product.url\",\"columns\":[\"url\"],\"tpe\":\"unique\"},{\"name\":\"Product.icon\",\"columns\":[\"icon\"],\"tpe\":\"unique\"},{\"name\":\"Product_Category_id_fk\",\"columns\":[\"category_id\"],\"tpe\":\"normal\"}],\"primaryKey\":{\"columns\":[\"id\"],\"sequence\":null},\"foreignKeys\":[{\"constraintName\":null,\"columns\":[\"category_id\"],\"referencedTable\":\"Category\",\"referencedColumns\":[\"id\"],\"onDeleteAction\":\"setNull\"}]}}},{\"CreateTable\":{\"table\":{\"name\":\"ImageCat\",\"columns\":[{\"name\":\"category_id\",\"tpe\":{\"dataType\":\"\",\"fullDataType\":\"\",\"characterMaximumLength\":null,\"family\":\"int\",\"arity\":\"nullable\"},\"default\":null,\"autoIncrement\":false},{\"name\":\"id\",\"tpe\":{\"dataType\":\"\",\"fullDataType\":\"\",\"characterMaximumLength\":null,\"family\":\"int\",\"arity\":\"required\"},\"default\":null,\"autoIncrement\":true},{\"name\":\"url\",\"tpe\":{\"dataType\":\"\",\"fullDataType\":\"\",\"characterMaximumLength\":null,\"family\":\"string\",\"arity\":\"required\"},\"default\":null,\"autoIncrement\":false}],\"indices\":[{\"name\":\"Image_Category_id_fk\",\"columns\":[\"category_id\"],\"tpe\":\"normal\"}],\"primaryKey\":{\"columns\":[\"id\"],\"sequence\":null},\"foreignKeys\":[{\"constraintName\":null,\"columns\":[\"category_id\"],\"referencedTable\":\"Category\",\"referencedColumns\":[\"id\"],\"onDeleteAction\":\"setNull\"}]}}},{\"CreateTable\":{\"table\":{\"name\":\"ImageProd\",\"columns\":[{\"name\":\"id\",\"tpe\":{\"dataType\":\"\",\"fullDataType\":\"\",\"characterMaximumLength\":null,\"family\":\"int\",\"arity\":\"required\"},\"default\":null,\"autoIncrement\":true},{\"name\":\"product_id\",\"tpe\":{\"dataType\":\"\",\"fullDataType\":\"\",\"characterMaximumLength\":null,\"family\":\"int\",\"arity\":\"nullable\"},\"default\":null,\"autoIncrement\":false},{\"name\":\"url\",\"tpe\":{\"dataType\":\"\",\"fullDataType\":\"\",\"characterMaximumLength\":null,\"family\":\"string\",\"arity\":\"required\"},\"default\":null,\"autoIncrement\":false}],\"indices\":[{\"name\":\"Image_Product_id_fk\",\"columns\":[\"product_id\"],\"tpe\":\"normal\"}],\"primaryKey\":{\"columns\":[\"id\"],\"sequence\":null},\"foreignKeys\":[{\"constraintName\":null,\"columns\":[\"product_id\"],\"referencedTable\":\"Product\",\"referencedColumns\":[\"id\"],\"onDeleteAction\":\"setNull\"}]}}},{\"CreateIndex\":{\"table\":\"Category\",\"index\":{\"name\":\"Category.name\",\"columns\":[\"name\"],\"tpe\":\"unique\"}}},{\"CreateIndex\":{\"table\":\"Category\",\"index\":{\"name\":\"Category.url\",\"columns\":[\"url\"],\"tpe\":\"unique\"}}},{\"CreateIndex\":{\"table\":\"Category\",\"index\":{\"name\":\"Category.icon\",\"columns\":[\"icon\"],\"tpe\":\"unique\"}}},{\"CreateIndex\":{\"table\":\"Product\",\"index\":{\"name\":\"Product.name\",\"columns\":[\"name\"],\"tpe\":\"unique\"}}},{\"CreateIndex\":{\"table\":\"Product\",\"index\":{\"name\":\"Product.url\",\"columns\":[\"url\"],\"tpe\":\"unique\"}}},{\"CreateIndex\":{\"table\":\"Product\",\"index\":{\"name\":\"Product.icon\",\"columns\":[\"icon\"],\"tpe\":\"unique\"}}},{\"CreateIndex\":{\"table\":\"Product\",\"index\":{\"name\":\"Product_Category_id_fk\",\"columns\":[\"category_id\"],\"tpe\":\"normal\"}}},{\"CreateIndex\":{\"table\":\"ImageCat\",\"index\":{\"name\":\"Image_Category_id_fk\",\"columns\":[\"category_id\"],\"tpe\":\"normal\"}}},{\"CreateIndex\":{\"table\":\"ImageProd\",\"index\":{\"name\":\"Image_Product_id_fk\",\"columns\":[\"product_id\"],\"tpe\":\"normal\"}}},{\"AddForeignKey\":{\"table\":\"Product\",\"foreign_key\":{\"constraintName\":null,\"columns\":[\"category_id\"],\"referencedTable\":\"Category\",\"referencedColumns\":[\"id\"],\"onDeleteAction\":\"setNull\"}}},{\"AddForeignKey\":{\"table\":\"ImageCat\",\"foreign_key\":{\"constraintName\":null,\"columns\":[\"category_id\"],\"referencedTable\":\"Category\",\"referencedColumns\":[\"id\"],\"onDeleteAction\":\"setNull\"}}},{\"AddForeignKey\":{\"table\":\"ImageProd\",\"foreign_key\":{\"constraintName\":null,\"columns\":[\"product_id\"],\"referencedTable\":\"Product\",\"referencedColumns\":[\"id\"],\"onDeleteAction\":\"setNull\"}}}],\"rollback\":[{\"DropTable\":{\"name\":\"Category\"}},{\"DropTable\":{\"name\":\"Product\"}},{\"DropTable\":{\"name\":\"ImageCat\"}},{\"DropTable\":{\"name\":\"ImageProd\"}}]}','[]','2020-06-05 12:02:25.452','2020-06-05 12:02:25.682'),(2,'20200605154735-migr2','datasource db {\n  provider = \"mysql\"\n  url      = env(\"DATABASE_URL\")\n}\n\nmodel Category {\n  id          Int        @default(autoincrement()) @id\n  name        String     @unique\n  url         String     @unique\n  description String?\n  parent      Int?\n  products    Product[]\n  images      ImageCat[]\n  icon        String     @unique\n}\n\nmodel Product {\n  id          Int         @default(autoincrement()) @id\n  name        String      @unique\n  url         String      @unique\n  description String?\n  category_id Int?\n  category    Category?   @relation(fields: [category_id], references: [id])\n  images      ImageProd[]\n  icon        String      @unique\n  price       Int\n\n  @@index([category_id], name: \"Product_Category_id_fk\")\n}\n\nmodel ImageCat {\n  id          Int       @default(autoincrement()) @id\n  url         String\n  category_id Int?\n  category    Category? @relation(fields: [category_id], references: [id])\n\n  @@index([category_id], name: \"Image_Category_id_fk\")\n}\n\nmodel ImageProd {\n  id         Int      @default(autoincrement()) @id\n  url        String\n  product_id Int?\n  product    Product? @relation(fields: [product_id], references: [id])\n\n  @@index([product_id], name: \"Image_Product_id_fk\")\n}','MigrationSuccess',0,0,'[{\"tag\":\"CreateField\",\"model\":\"Product\",\"field\":\"price\",\"type\":\"Int\",\"arity\":\"Required\"}]','{\"before\":{\"tables\":[{\"name\":\"_Migration\",\"columns\":[{\"name\":\"applied\",\"tpe\":{\"dataType\":\"int\",\"fullDataType\":\"int\",\"characterMaximumLength\":null,\"family\":\"int\",\"arity\":\"required\"},\"default\":null,\"autoIncrement\":false},{\"name\":\"database_migration\",\"tpe\":{\"dataType\":\"longtext\",\"fullDataType\":\"longtext\",\"characterMaximumLength\":4294967295,\"family\":\"string\",\"arity\":\"required\"},\"default\":null,\"autoIncrement\":false},{\"name\":\"datamodel\",\"tpe\":{\"dataType\":\"longtext\",\"fullDataType\":\"longtext\",\"characterMaximumLength\":4294967295,\"family\":\"string\",\"arity\":\"required\"},\"default\":null,\"autoIncrement\":false},{\"name\":\"datamodel_steps\",\"tpe\":{\"dataType\":\"longtext\",\"fullDataType\":\"longtext\",\"characterMaximumLength\":4294967295,\"family\":\"string\",\"arity\":\"required\"},\"default\":null,\"autoIncrement\":false},{\"name\":\"errors\",\"tpe\":{\"dataType\":\"longtext\",\"fullDataType\":\"longtext\",\"characterMaximumLength\":4294967295,\"family\":\"string\",\"arity\":\"required\"},\"default\":null,\"autoIncrement\":false},{\"name\":\"finished_at\",\"tpe\":{\"dataType\":\"datetime\",\"fullDataType\":\"datetime(3)\",\"characterMaximumLength\":null,\"family\":\"dateTime\",\"arity\":\"nullable\"},\"default\":null,\"autoIncrement\":false},{\"name\":\"name\",\"tpe\":{\"dataType\":\"text\",\"fullDataType\":\"text\",\"characterMaximumLength\":65535,\"family\":\"string\",\"arity\":\"required\"},\"default\":null,\"autoIncrement\":false},{\"name\":\"revision\",\"tpe\":{\"dataType\":\"int\",\"fullDataType\":\"int\",\"characterMaximumLength\":null,\"family\":\"int\",\"arity\":\"required\"},\"default\":null,\"autoIncrement\":true},{\"name\":\"rolled_back\",\"tpe\":{\"dataType\":\"int\",\"fullDataType\":\"int\",\"characterMaximumLength\":null,\"family\":\"int\",\"arity\":\"required\"},\"default\":null,\"autoIncrement\":false},{\"name\":\"started_at\",\"tpe\":{\"dataType\":\"datetime\",\"fullDataType\":\"datetime(3)\",\"characterMaximumLength\":null,\"family\":\"dateTime\",\"arity\":\"required\"},\"default\":null,\"autoIncrement\":false},{\"name\":\"status\",\"tpe\":{\"dataType\":\"text\",\"fullDataType\":\"text\",\"characterMaximumLength\":65535,\"family\":\"string\",\"arity\":\"required\"},\"default\":null,\"autoIncrement\":false}],\"indices\":[],\"primaryKey\":{\"columns\":[\"revision\"],\"sequence\":null},\"foreignKeys\":[]},{\"name\":\"Category\",\"columns\":[{\"name\":\"description\",\"tpe\":{\"dataType\":\"varchar\",\"fullDataType\":\"varchar(191)\",\"characterMaximumLength\":191,\"family\":\"string\",\"arity\":\"nullable\"},\"default\":null,\"autoIncrement\":false},{\"name\":\"icon\",\"tpe\":{\"dataType\":\"varchar\",\"fullDataType\":\"varchar(191)\",\"characterMaximumLength\":191,\"family\":\"string\",\"arity\":\"required\"},\"default\":null,\"autoIncrement\":false},{\"name\":\"id\",\"tpe\":{\"dataType\":\"int\",\"fullDataType\":\"int\",\"characterMaximumLength\":null,\"family\":\"int\",\"arity\":\"required\"},\"default\":null,\"autoIncrement\":true},{\"name\":\"name\",\"tpe\":{\"dataType\":\"varchar\",\"fullDataType\":\"varchar(191)\",\"characterMaximumLength\":191,\"family\":\"string\",\"arity\":\"required\"},\"default\":null,\"autoIncrement\":false},{\"name\":\"parent\",\"tpe\":{\"dataType\":\"int\",\"fullDataType\":\"int\",\"characterMaximumLength\":null,\"family\":\"int\",\"arity\":\"nullable\"},\"default\":null,\"autoIncrement\":false},{\"name\":\"url\",\"tpe\":{\"dataType\":\"varchar\",\"fullDataType\":\"varchar(191)\",\"characterMaximumLength\":191,\"family\":\"string\",\"arity\":\"required\"},\"default\":null,\"autoIncrement\":false}],\"indices\":[{\"name\":\"Category.icon\",\"columns\":[\"icon\"],\"tpe\":\"unique\"},{\"name\":\"Category.name\",\"columns\":[\"name\"],\"tpe\":\"unique\"},{\"name\":\"Category.url\",\"columns\":[\"url\"],\"tpe\":\"unique\"}],\"primaryKey\":{\"columns\":[\"id\"],\"sequence\":null},\"foreignKeys\":[]},{\"name\":\"ImageCat\",\"columns\":[{\"name\":\"category_id\",\"tpe\":{\"dataType\":\"int\",\"fullDataType\":\"int\",\"characterMaximumLength\":null,\"family\":\"int\",\"arity\":\"nullable\"},\"default\":null,\"autoIncrement\":false},{\"name\":\"id\",\"tpe\":{\"dataType\":\"int\",\"fullDataType\":\"int\",\"characterMaximumLength\":null,\"family\":\"int\",\"arity\":\"required\"},\"default\":null,\"autoIncrement\":true},{\"name\":\"url\",\"tpe\":{\"dataType\":\"varchar\",\"fullDataType\":\"varchar(191)\",\"characterMaximumLength\":191,\"family\":\"string\",\"arity\":\"required\"},\"default\":null,\"autoIncrement\":false}],\"indices\":[{\"name\":\"Image_Category_id_fk\",\"columns\":[\"category_id\"],\"tpe\":\"normal\"}],\"primaryKey\":{\"columns\":[\"id\"],\"sequence\":null},\"foreignKeys\":[{\"constraintName\":\"imagecat_ibfk_1\",\"columns\":[\"category_id\"],\"referencedTable\":\"Category\",\"referencedColumns\":[\"id\"],\"onDeleteAction\":\"setNull\"}]},{\"name\":\"ImageProd\",\"columns\":[{\"name\":\"id\",\"tpe\":{\"dataType\":\"int\",\"fullDataType\":\"int\",\"characterMaximumLength\":null,\"family\":\"int\",\"arity\":\"required\"},\"default\":null,\"autoIncrement\":true},{\"name\":\"product_id\",\"tpe\":{\"dataType\":\"int\",\"fullDataType\":\"int\",\"characterMaximumLength\":null,\"family\":\"int\",\"arity\":\"nullable\"},\"default\":null,\"autoIncrement\":false},{\"name\":\"url\",\"tpe\":{\"dataType\":\"varchar\",\"fullDataType\":\"varchar(191)\",\"characterMaximumLength\":191,\"family\":\"string\",\"arity\":\"required\"},\"default\":null,\"autoIncrement\":false}],\"indices\":[{\"name\":\"Image_Product_id_fk\",\"columns\":[\"product_id\"],\"tpe\":\"normal\"}],\"primaryKey\":{\"columns\":[\"id\"],\"sequence\":null},\"foreignKeys\":[{\"constraintName\":\"imageprod_ibfk_1\",\"columns\":[\"product_id\"],\"referencedTable\":\"Product\",\"referencedColumns\":[\"id\"],\"onDeleteAction\":\"setNull\"}]},{\"name\":\"Product\",\"columns\":[{\"name\":\"category_id\",\"tpe\":{\"dataType\":\"int\",\"fullDataType\":\"int\",\"characterMaximumLength\":null,\"family\":\"int\",\"arity\":\"nullable\"},\"default\":null,\"autoIncrement\":false},{\"name\":\"description\",\"tpe\":{\"dataType\":\"varchar\",\"fullDataType\":\"varchar(191)\",\"characterMaximumLength\":191,\"family\":\"string\",\"arity\":\"nullable\"},\"default\":null,\"autoIncrement\":false},{\"name\":\"icon\",\"tpe\":{\"dataType\":\"varchar\",\"fullDataType\":\"varchar(191)\",\"characterMaximumLength\":191,\"family\":\"string\",\"arity\":\"required\"},\"default\":null,\"autoIncrement\":false},{\"name\":\"id\",\"tpe\":{\"dataType\":\"int\",\"fullDataType\":\"int\",\"characterMaximumLength\":null,\"family\":\"int\",\"arity\":\"required\"},\"default\":null,\"autoIncrement\":true},{\"name\":\"name\",\"tpe\":{\"dataType\":\"varchar\",\"fullDataType\":\"varchar(191)\",\"characterMaximumLength\":191,\"family\":\"string\",\"arity\":\"required\"},\"default\":null,\"autoIncrement\":false},{\"name\":\"url\",\"tpe\":{\"dataType\":\"varchar\",\"fullDataType\":\"varchar(191)\",\"characterMaximumLength\":191,\"family\":\"string\",\"arity\":\"required\"},\"default\":null,\"autoIncrement\":false}],\"indices\":[{\"name\":\"Product.icon\",\"columns\":[\"icon\"],\"tpe\":\"unique\"},{\"name\":\"Product.name\",\"columns\":[\"name\"],\"tpe\":\"unique\"},{\"name\":\"Product.url\",\"columns\":[\"url\"],\"tpe\":\"unique\"},{\"name\":\"Product_Category_id_fk\",\"columns\":[\"category_id\"],\"tpe\":\"normal\"}],\"primaryKey\":{\"columns\":[\"id\"],\"sequence\":null},\"foreignKeys\":[{\"constraintName\":\"product_ibfk_1\",\"columns\":[\"category_id\"],\"referencedTable\":\"Category\",\"referencedColumns\":[\"id\"],\"onDeleteAction\":\"setNull\"}]}],\"enums\":[],\"sequences\":[]},\"after\":{\"tables\":[{\"name\":\"Category\",\"columns\":[{\"name\":\"description\",\"tpe\":{\"dataType\":\"\",\"fullDataType\":\"\",\"characterMaximumLength\":null,\"family\":\"string\",\"arity\":\"nullable\"},\"default\":null,\"autoIncrement\":false},{\"name\":\"icon\",\"tpe\":{\"dataType\":\"\",\"fullDataType\":\"\",\"characterMaximumLength\":null,\"family\":\"string\",\"arity\":\"required\"},\"default\":null,\"autoIncrement\":false},{\"name\":\"id\",\"tpe\":{\"dataType\":\"\",\"fullDataType\":\"\",\"characterMaximumLength\":null,\"family\":\"int\",\"arity\":\"required\"},\"default\":null,\"autoIncrement\":true},{\"name\":\"name\",\"tpe\":{\"dataType\":\"\",\"fullDataType\":\"\",\"characterMaximumLength\":null,\"family\":\"string\",\"arity\":\"required\"},\"default\":null,\"autoIncrement\":false},{\"name\":\"parent\",\"tpe\":{\"dataType\":\"\",\"fullDataType\":\"\",\"characterMaximumLength\":null,\"family\":\"int\",\"arity\":\"nullable\"},\"default\":null,\"autoIncrement\":false},{\"name\":\"url\",\"tpe\":{\"dataType\":\"\",\"fullDataType\":\"\",\"characterMaximumLength\":null,\"family\":\"string\",\"arity\":\"required\"},\"default\":null,\"autoIncrement\":false}],\"indices\":[{\"name\":\"Category.name\",\"columns\":[\"name\"],\"tpe\":\"unique\"},{\"name\":\"Category.url\",\"columns\":[\"url\"],\"tpe\":\"unique\"},{\"name\":\"Category.icon\",\"columns\":[\"icon\"],\"tpe\":\"unique\"}],\"primaryKey\":{\"columns\":[\"id\"],\"sequence\":null},\"foreignKeys\":[]},{\"name\":\"Product\",\"columns\":[{\"name\":\"category_id\",\"tpe\":{\"dataType\":\"\",\"fullDataType\":\"\",\"characterMaximumLength\":null,\"family\":\"int\",\"arity\":\"nullable\"},\"default\":null,\"autoIncrement\":false},{\"name\":\"description\",\"tpe\":{\"dataType\":\"\",\"fullDataType\":\"\",\"characterMaximumLength\":null,\"family\":\"string\",\"arity\":\"nullable\"},\"default\":null,\"autoIncrement\":false},{\"name\":\"icon\",\"tpe\":{\"dataType\":\"\",\"fullDataType\":\"\",\"characterMaximumLength\":null,\"family\":\"string\",\"arity\":\"required\"},\"default\":null,\"autoIncrement\":false},{\"name\":\"id\",\"tpe\":{\"dataType\":\"\",\"fullDataType\":\"\",\"characterMaximumLength\":null,\"family\":\"int\",\"arity\":\"required\"},\"default\":null,\"autoIncrement\":true},{\"name\":\"name\",\"tpe\":{\"dataType\":\"\",\"fullDataType\":\"\",\"characterMaximumLength\":null,\"family\":\"string\",\"arity\":\"required\"},\"default\":null,\"autoIncrement\":false},{\"name\":\"price\",\"tpe\":{\"dataType\":\"\",\"fullDataType\":\"\",\"characterMaximumLength\":null,\"family\":\"int\",\"arity\":\"required\"},\"default\":null,\"autoIncrement\":false},{\"name\":\"url\",\"tpe\":{\"dataType\":\"\",\"fullDataType\":\"\",\"characterMaximumLength\":null,\"family\":\"string\",\"arity\":\"required\"},\"default\":null,\"autoIncrement\":false}],\"indices\":[{\"name\":\"Product.name\",\"columns\":[\"name\"],\"tpe\":\"unique\"},{\"name\":\"Product.url\",\"columns\":[\"url\"],\"tpe\":\"unique\"},{\"name\":\"Product.icon\",\"columns\":[\"icon\"],\"tpe\":\"unique\"},{\"name\":\"Product_Category_id_fk\",\"columns\":[\"category_id\"],\"tpe\":\"normal\"}],\"primaryKey\":{\"columns\":[\"id\"],\"sequence\":null},\"foreignKeys\":[{\"constraintName\":null,\"columns\":[\"category_id\"],\"referencedTable\":\"Category\",\"referencedColumns\":[\"id\"],\"onDeleteAction\":\"setNull\"}]},{\"name\":\"ImageCat\",\"columns\":[{\"name\":\"category_id\",\"tpe\":{\"dataType\":\"\",\"fullDataType\":\"\",\"characterMaximumLength\":null,\"family\":\"int\",\"arity\":\"nullable\"},\"default\":null,\"autoIncrement\":false},{\"name\":\"id\",\"tpe\":{\"dataType\":\"\",\"fullDataType\":\"\",\"characterMaximumLength\":null,\"family\":\"int\",\"arity\":\"required\"},\"default\":null,\"autoIncrement\":true},{\"name\":\"url\",\"tpe\":{\"dataType\":\"\",\"fullDataType\":\"\",\"characterMaximumLength\":null,\"family\":\"string\",\"arity\":\"required\"},\"default\":null,\"autoIncrement\":false}],\"indices\":[{\"name\":\"Image_Category_id_fk\",\"columns\":[\"category_id\"],\"tpe\":\"normal\"}],\"primaryKey\":{\"columns\":[\"id\"],\"sequence\":null},\"foreignKeys\":[{\"constraintName\":null,\"columns\":[\"category_id\"],\"referencedTable\":\"Category\",\"referencedColumns\":[\"id\"],\"onDeleteAction\":\"setNull\"}]},{\"name\":\"ImageProd\",\"columns\":[{\"name\":\"id\",\"tpe\":{\"dataType\":\"\",\"fullDataType\":\"\",\"characterMaximumLength\":null,\"family\":\"int\",\"arity\":\"required\"},\"default\":null,\"autoIncrement\":true},{\"name\":\"product_id\",\"tpe\":{\"dataType\":\"\",\"fullDataType\":\"\",\"characterMaximumLength\":null,\"family\":\"int\",\"arity\":\"nullable\"},\"default\":null,\"autoIncrement\":false},{\"name\":\"url\",\"tpe\":{\"dataType\":\"\",\"fullDataType\":\"\",\"characterMaximumLength\":null,\"family\":\"string\",\"arity\":\"required\"},\"default\":null,\"autoIncrement\":false}],\"indices\":[{\"name\":\"Image_Product_id_fk\",\"columns\":[\"product_id\"],\"tpe\":\"normal\"}],\"primaryKey\":{\"columns\":[\"id\"],\"sequence\":null},\"foreignKeys\":[{\"constraintName\":null,\"columns\":[\"product_id\"],\"referencedTable\":\"Product\",\"referencedColumns\":[\"id\"],\"onDeleteAction\":\"setNull\"}]}],\"enums\":[],\"sequences\":[]},\"original_steps\":[{\"AlterTable\":{\"table\":{\"name\":\"Product\",\"columns\":[{\"name\":\"category_id\",\"tpe\":{\"dataType\":\"\",\"fullDataType\":\"\",\"characterMaximumLength\":null,\"family\":\"int\",\"arity\":\"nullable\"},\"default\":null,\"autoIncrement\":false},{\"name\":\"description\",\"tpe\":{\"dataType\":\"\",\"fullDataType\":\"\",\"characterMaximumLength\":null,\"family\":\"string\",\"arity\":\"nullable\"},\"default\":null,\"autoIncrement\":false},{\"name\":\"icon\",\"tpe\":{\"dataType\":\"\",\"fullDataType\":\"\",\"characterMaximumLength\":null,\"family\":\"string\",\"arity\":\"required\"},\"default\":null,\"autoIncrement\":false},{\"name\":\"id\",\"tpe\":{\"dataType\":\"\",\"fullDataType\":\"\",\"characterMaximumLength\":null,\"family\":\"int\",\"arity\":\"required\"},\"default\":null,\"autoIncrement\":true},{\"name\":\"name\",\"tpe\":{\"dataType\":\"\",\"fullDataType\":\"\",\"characterMaximumLength\":null,\"family\":\"string\",\"arity\":\"required\"},\"default\":null,\"autoIncrement\":false},{\"name\":\"price\",\"tpe\":{\"dataType\":\"\",\"fullDataType\":\"\",\"characterMaximumLength\":null,\"family\":\"int\",\"arity\":\"required\"},\"default\":null,\"autoIncrement\":false},{\"name\":\"url\",\"tpe\":{\"dataType\":\"\",\"fullDataType\":\"\",\"characterMaximumLength\":null,\"family\":\"string\",\"arity\":\"required\"},\"default\":null,\"autoIncrement\":false}],\"indices\":[{\"name\":\"Product.name\",\"columns\":[\"name\"],\"tpe\":\"unique\"},{\"name\":\"Product.url\",\"columns\":[\"url\"],\"tpe\":\"unique\"},{\"name\":\"Product.icon\",\"columns\":[\"icon\"],\"tpe\":\"unique\"},{\"name\":\"Product_Category_id_fk\",\"columns\":[\"category_id\"],\"tpe\":\"normal\"}],\"primaryKey\":{\"columns\":[\"id\"],\"sequence\":null},\"foreignKeys\":[{\"constraintName\":null,\"columns\":[\"category_id\"],\"referencedTable\":\"Category\",\"referencedColumns\":[\"id\"],\"onDeleteAction\":\"setNull\"}]},\"changes\":[{\"AddColumn\":{\"column\":{\"name\":\"price\",\"tpe\":{\"dataType\":\"\",\"fullDataType\":\"\",\"characterMaximumLength\":null,\"family\":\"int\",\"arity\":\"required\"},\"default\":null,\"autoIncrement\":false}}}]}}],\"corrected_steps\":[{\"AlterTable\":{\"table\":{\"name\":\"Product\",\"columns\":[{\"name\":\"category_id\",\"tpe\":{\"dataType\":\"\",\"fullDataType\":\"\",\"characterMaximumLength\":null,\"family\":\"int\",\"arity\":\"nullable\"},\"default\":null,\"autoIncrement\":false},{\"name\":\"description\",\"tpe\":{\"dataType\":\"\",\"fullDataType\":\"\",\"characterMaximumLength\":null,\"family\":\"string\",\"arity\":\"nullable\"},\"default\":null,\"autoIncrement\":false},{\"name\":\"icon\",\"tpe\":{\"dataType\":\"\",\"fullDataType\":\"\",\"characterMaximumLength\":null,\"family\":\"string\",\"arity\":\"required\"},\"default\":null,\"autoIncrement\":false},{\"name\":\"id\",\"tpe\":{\"dataType\":\"\",\"fullDataType\":\"\",\"characterMaximumLength\":null,\"family\":\"int\",\"arity\":\"required\"},\"default\":null,\"autoIncrement\":true},{\"name\":\"name\",\"tpe\":{\"dataType\":\"\",\"fullDataType\":\"\",\"characterMaximumLength\":null,\"family\":\"string\",\"arity\":\"required\"},\"default\":null,\"autoIncrement\":false},{\"name\":\"price\",\"tpe\":{\"dataType\":\"\",\"fullDataType\":\"\",\"characterMaximumLength\":null,\"family\":\"int\",\"arity\":\"required\"},\"default\":null,\"autoIncrement\":false},{\"name\":\"url\",\"tpe\":{\"dataType\":\"\",\"fullDataType\":\"\",\"characterMaximumLength\":null,\"family\":\"string\",\"arity\":\"required\"},\"default\":null,\"autoIncrement\":false}],\"indices\":[{\"name\":\"Product.name\",\"columns\":[\"name\"],\"tpe\":\"unique\"},{\"name\":\"Product.url\",\"columns\":[\"url\"],\"tpe\":\"unique\"},{\"name\":\"Product.icon\",\"columns\":[\"icon\"],\"tpe\":\"unique\"},{\"name\":\"Product_Category_id_fk\",\"columns\":[\"category_id\"],\"tpe\":\"normal\"}],\"primaryKey\":{\"columns\":[\"id\"],\"sequence\":null},\"foreignKeys\":[{\"constraintName\":null,\"columns\":[\"category_id\"],\"referencedTable\":\"Category\",\"referencedColumns\":[\"id\"],\"onDeleteAction\":\"setNull\"}]},\"changes\":[{\"AddColumn\":{\"column\":{\"name\":\"price\",\"tpe\":{\"dataType\":\"\",\"fullDataType\":\"\",\"characterMaximumLength\":null,\"family\":\"int\",\"arity\":\"required\"},\"default\":null,\"autoIncrement\":false}}}]}}],\"rollback\":[{\"AlterTable\":{\"table\":{\"name\":\"Product\",\"columns\":[{\"name\":\"category_id\",\"tpe\":{\"dataType\":\"int\",\"fullDataType\":\"int\",\"characterMaximumLength\":null,\"family\":\"int\",\"arity\":\"nullable\"},\"default\":null,\"autoIncrement\":false},{\"name\":\"description\",\"tpe\":{\"dataType\":\"varchar\",\"fullDataType\":\"varchar(191)\",\"characterMaximumLength\":191,\"family\":\"string\",\"arity\":\"nullable\"},\"default\":null,\"autoIncrement\":false},{\"name\":\"icon\",\"tpe\":{\"dataType\":\"varchar\",\"fullDataType\":\"varchar(191)\",\"characterMaximumLength\":191,\"family\":\"string\",\"arity\":\"required\"},\"default\":null,\"autoIncrement\":false},{\"name\":\"id\",\"tpe\":{\"dataType\":\"int\",\"fullDataType\":\"int\",\"characterMaximumLength\":null,\"family\":\"int\",\"arity\":\"required\"},\"default\":null,\"autoIncrement\":true},{\"name\":\"name\",\"tpe\":{\"dataType\":\"varchar\",\"fullDataType\":\"varchar(191)\",\"characterMaximumLength\":191,\"family\":\"string\",\"arity\":\"required\"},\"default\":null,\"autoIncrement\":false},{\"name\":\"url\",\"tpe\":{\"dataType\":\"varchar\",\"fullDataType\":\"varchar(191)\",\"characterMaximumLength\":191,\"family\":\"string\",\"arity\":\"required\"},\"default\":null,\"autoIncrement\":false}],\"indices\":[{\"name\":\"Product.icon\",\"columns\":[\"icon\"],\"tpe\":\"unique\"},{\"name\":\"Product.name\",\"columns\":[\"name\"],\"tpe\":\"unique\"},{\"name\":\"Product.url\",\"columns\":[\"url\"],\"tpe\":\"unique\"},{\"name\":\"Product_Category_id_fk\",\"columns\":[\"category_id\"],\"tpe\":\"normal\"}],\"primaryKey\":{\"columns\":[\"id\"],\"sequence\":null},\"foreignKeys\":[{\"constraintName\":\"product_ibfk_1\",\"columns\":[\"category_id\"],\"referencedTable\":\"Category\",\"referencedColumns\":[\"id\"],\"onDeleteAction\":\"setNull\"}]},\"changes\":[{\"DropColumn\":{\"name\":\"price\"}}]}}]}','[]','2020-06-05 12:47:47.094','2020-06-05 12:47:47.129');
/*!40000 ALTER TABLE `_Migration` ENABLE KEYS */;
UNLOCK TABLES;

--
-- Table structure for table `Category`
--

DROP TABLE IF EXISTS `Category`;
/*!40101 SET @saved_cs_client     = @@character_set_client */;
/*!50503 SET character_set_client = utf8mb4 */;
CREATE TABLE `Category` (
  `description` varchar(191) COLLATE utf8mb4_unicode_ci DEFAULT NULL,
  `icon` varchar(191) COLLATE utf8mb4_unicode_ci NOT NULL,
  `id` int NOT NULL AUTO_INCREMENT,
  `name` varchar(191) COLLATE utf8mb4_unicode_ci NOT NULL,
  `parent` int DEFAULT NULL,
  `url` varchar(191) COLLATE utf8mb4_unicode_ci NOT NULL,
  PRIMARY KEY (`id`),
  UNIQUE KEY `Category.name` (`name`),
  UNIQUE KEY `Category.url` (`url`),
  UNIQUE KEY `Category.icon` (`icon`)
) ENGINE=InnoDB AUTO_INCREMENT=2 DEFAULT CHARSET=utf8mb4 COLLATE=utf8mb4_unicode_ci;
/*!40101 SET character_set_client = @saved_cs_client */;

--
-- Dumping data for table `Category`
--

LOCK TABLES `Category` WRITE;
/*!40000 ALTER TABLE `Category` DISABLE KEYS */;
INSERT INTO `Category` VALUES (' Category 1 description is simply dummy text of the printing and typesetting industry. Lorem Ipsum has','jordan-category-url.jpg',1,'jordan',NULL,'jordan-category-icon');
/*!40000 ALTER TABLE `Category` ENABLE KEYS */;
UNLOCK TABLES;

--
-- Table structure for table `ImageCat`
--

DROP TABLE IF EXISTS `ImageCat`;
/*!40101 SET @saved_cs_client     = @@character_set_client */;
/*!50503 SET character_set_client = utf8mb4 */;
CREATE TABLE `ImageCat` (
  `category_id` int DEFAULT NULL,
  `id` int NOT NULL AUTO_INCREMENT,
  `url` varchar(191) COLLATE utf8mb4_unicode_ci NOT NULL,
  PRIMARY KEY (`id`),
  KEY `Image_Category_id_fk` (`category_id`),
  CONSTRAINT `imagecat_ibfk_1` FOREIGN KEY (`category_id`) REFERENCES `Category` (`id`) ON DELETE SET NULL ON UPDATE CASCADE
) ENGINE=InnoDB DEFAULT CHARSET=utf8mb4 COLLATE=utf8mb4_unicode_ci;
/*!40101 SET character_set_client = @saved_cs_client */;

--
-- Dumping data for table `ImageCat`
--

LOCK TABLES `ImageCat` WRITE;
/*!40000 ALTER TABLE `ImageCat` DISABLE KEYS */;
/*!40000 ALTER TABLE `ImageCat` ENABLE KEYS */;
UNLOCK TABLES;

--
-- Table structure for table `ImageProd`
--

DROP TABLE IF EXISTS `ImageProd`;
/*!40101 SET @saved_cs_client     = @@character_set_client */;
/*!50503 SET character_set_client = utf8mb4 */;
CREATE TABLE `ImageProd` (
  `id` int NOT NULL AUTO_INCREMENT,
  `product_id` int DEFAULT NULL,
  `url` varchar(191) COLLATE utf8mb4_unicode_ci NOT NULL,
  PRIMARY KEY (`id`),
  KEY `Image_Product_id_fk` (`product_id`),
  CONSTRAINT `imageprod_ibfk_1` FOREIGN KEY (`product_id`) REFERENCES `Product` (`id`) ON DELETE SET NULL ON UPDATE CASCADE
) ENGINE=InnoDB AUTO_INCREMENT=23 DEFAULT CHARSET=utf8mb4 COLLATE=utf8mb4_unicode_ci;
/*!40101 SET character_set_client = @saved_cs_client */;

--
-- Dumping data for table `ImageProd`
--

LOCK TABLES `ImageProd` WRITE;
/*!40000 ALTER TABLE `ImageProd` DISABLE KEYS */;
INSERT INTO `ImageProd` VALUES (1,3,'adidas-crazy-byw-x-pharrell-gratitude-and-empathy-product.jpg'),(2,5,'adidas-yeezy-boost-350-v2-yeezreel-product.jpg'),(3,7,'adidas-yeezy-boost-700-carbon-blue.jpg'),(4,8,'air-jordan-1-retro-high-alternate-black-royal.jpg'),(5,9,'air-jordan-1-retro-high-bred-toe.jpg'),(6,10,'air-jordan-1-retro-high-homage-to-home-1.jpg'),(7,11,'air-jordan-1-retro-high-homage-to-home-product.jpg'),(8,12,'air-jordan-1-retro-high-patent-gold-toe.jpg'),(9,13,'bape-1st-camo-shark-tee-ss18-black-orange.jpg'),(10,14,'bape-color-camo-by-bathing-tee-white-purple.jpg'),(11,15,'bape-x-dc-superman-color-camo-pullover-hoodie-navy.jpg'),(12,16,'bape-x-dc-superman-pullover-hoodie-grey.jpg'),(13,17,'bape_8e380c1f-4a2d-4f30-8c48-7c9dcea4d00e_1024x1024.jpg'),(15,19,'jordan-1-mid-se-fearless-blue-the-great.jpg'),(16,20,'supreme-18-stormy-tee-white-product.jpg'),(17,21,'supreme-aguila-tee-purple.jpg'),(18,22,'supreme-backpack-ss19-black.jpg'),(19,24,'supreme-backpack-ss20-red.jpg'),(20,25,'supreme-bandana-box-logo-hooded-sweatshirt-light-blue.jpg'),(21,27,'supreme-supremeandis-envy-li-adjustable-blade-clipper-red.jpg'),(22,29,'test-configurable-product-15104.jpg');
/*!40000 ALTER TABLE `ImageProd` ENABLE KEYS */;
UNLOCK TABLES;

--
-- Table structure for table `Product`
--

DROP TABLE IF EXISTS `Product`;
/*!40101 SET @saved_cs_client     = @@character_set_client */;
/*!50503 SET character_set_client = utf8mb4 */;
CREATE TABLE `Product` (
  `category_id` int DEFAULT NULL,
  `description` varchar(191) COLLATE utf8mb4_unicode_ci DEFAULT NULL,
  `icon` varchar(191) COLLATE utf8mb4_unicode_ci NOT NULL,
  `id` int NOT NULL AUTO_INCREMENT,
  `name` varchar(191) COLLATE utf8mb4_unicode_ci NOT NULL,
  `url` varchar(191) COLLATE utf8mb4_unicode_ci NOT NULL,
  `price` int NOT NULL,
  PRIMARY KEY (`id`),
  UNIQUE KEY `Product.name` (`name`),
  UNIQUE KEY `Product.url` (`url`),
  UNIQUE KEY `Product.icon` (`icon`),
  KEY `Product_Category_id_fk` (`category_id`),
  CONSTRAINT `product_ibfk_1` FOREIGN KEY (`category_id`) REFERENCES `Category` (`id`) ON DELETE SET NULL ON UPDATE CASCADE
) ENGINE=InnoDB AUTO_INCREMENT=30 DEFAULT CHARSET=utf8mb4 COLLATE=utf8mb4_unicode_ci;
/*!40101 SET character_set_client = @saved_cs_client */;

--
-- Dumping data for table `Product`
--

LOCK TABLES `Product` WRITE;
/*!40000 ALTER TABLE `Product` DISABLE KEYS */;
INSERT INTO `Product` VALUES (1,'adidas-crazy-byw-x-pharrell-gratitude-and-empathy-product description  is simply dummy text of the printing and typesetting industry. Lorem Ipsum has been the industry\'s sta\n','adidas-crazy-byw-x-pharrell-gratitude-and-empathy-product.jpg',3,'adidas-crazy-byw-x-pharrell-gratitude-and-empathy-product.jpg','adidas-crazy-byw-x-pharrell-gratitude-and-empathy-product',23423),(1,'adidas-yeezy-boost-350-v2-yeezreel-product description  is simply dummy text of the printing and typesetting industry. Lorem Ipsum has been the industry\'s sta\n','adidas-yeezy-boost-350-v2-yeezreel-product.jpg',5,'adidas-yeezy-boost-350-v2-yeezreel-product','adidas-yeezy-boost-350-v2-yeezreel-product',424322),(1,'adidas-yeezy-boost-700-carbon-blue -product description  is simply dummy text of the printing and typesetting industry. Lorem Ipsum has been the industry\'s sta\n','adidas-yeezy-boost-700-carbon-blue.jpg',7,'adidas-yeezy-boost-700-carbon-blue','adidas-yeezy-boost-700-carbon-blue',3543),(1,'air-jordan-1-retro-high-alternate-black-royal description  is simply dummy text of the printing and typesetting industry. Lorem Ipsum has been the industry\'s sta\n','air-jordan-1-retro-high-alternate-black-royal.jpg',8,'air-jordan-1-retro-high-alternate-black-royal','air-jordan-1-retro-high-alternate-black-royal',4544),(1,'air-jordan-1-retro-high-bred-toe description  is simply dummy text of the printing and typesetting industry. Lorem Ipsum has been the industry\'s sta\n','air-jordan-1-retro-high-bred-toe.jpg',9,'air-jordan-1-retro-high-bred-toe','air-jordan-1-retro-high-bred-toe',545454),(1,'air-jordan-1-retro-high-homage-to-home-1 description  is simply dummy text of the printing and typesetting industry. Lorem Ipsum has been the industry\'s sta\n','air-jordan-1-retro-high-homage-to-home-1.jpg',10,'air-jordan-1-retro-high-homage-to-home-1','air-jordan-1-retro-high-homage-to-home-1',767855),(1,'air-jordan-1-retro-high-homage-to-home-productdescription  is simply dummy text of the printing and typesetting industry. Lorem Ipsum has been the industry\'s sta\n','air-jordan-1-retro-high-homage-to-home-product.jpg',11,'air-jordan-1-retro-high-homage-to-home-product','air-jordan-1-retro-high-homage-to-home-product',54),(1,'air-jordan-1-retro-high-patent-gold-toe product description  is simply dummy text of the printing and typesetting industry. Lorem Ipsum has been the industry\'s sta\n','air-jordan-1-retro-high-patent-gold-toe.jpg',12,'air-jordan-1-retro-high-patent-gold-toe','air-jordan-1-retro-high-patent-gold-toe',6578),(1,'bape-1st-camo-shark-tee-ss18-black-orange product description  is simply dummy text of the printing and typesetting industry. Lorem Ipsum has been the industry\'s sta\n','bape-1st-camo-shark-tee-ss18-black-orange.jpg',13,'bape-1st-camo-shark-tee-ss18-black-orange','bape-1st-camo-shark-tee-ss18-black-orange',6578),(1,'bape-color-camo-by-bathing-tee-white-purple product description  is simply dummy text of the printing and typesetting industry. Lorem Ipsum has been the industry\'s sta\n','bape-color-camo-by-bathing-tee-white-purple.jpg',14,'bape-color-camo-by-bathing-tee-white-purple','bape-color-camo-by-bathing-tee-white-purple',433),(1,'bape-x-dc-superman-color-camo-pullover-hoodie-navy product description  is simply dummy text of the printing and typesetting industry. Lorem Ipsum has been the industry\'s sta\n','bape-x-dc-superman-color-camo-pullover-hoodie-navy.jpg',15,'bape-x-dc-superman-color-camo-pullover-hoodie-navy','bape-x-dc-superman-color-camo-pullover-hoodie-navy',3434),(1,'bape-x-dc-superman-pullover-hoodie-grey product description  is simply dummy text of the printing and typesetting industry. Lorem Ipsum has been the industry\'s sta\n','bape-x-dc-superman-pullover-hoodie-grey.jpg',16,'bape-x-dc-superman-pullover-hoodie-grey','bape-x-dc-superman-pullover-hoodie-grey',565554),(1,'bape_8e380c1f-4a2d-4f30-8c48-7c9dcea4d00e_1024x1024 product description  is simply dummy text of the printing and typesetting industry. Lorem Ipsum has been the industry\'s sta\n','bape_8e380c1f-4a2d-4f30-8c48-7c9dcea4d00e_1024x1024.jpg',17,'bape_8e380c1f-4a2d-4f30-8c48-7c9dcea4d00e_1024x1024','bape_8e380c1f-4a2d-4f30-8c48-7c9dcea4d00e_1024x1024',56555),(1,'jordan-1-mid-se-fearless-blue-the-great product description  is simply dummy text of the printing and typesetting industry. Lorem Ipsum has been the industry\'s sta\n','jordan-1-mid-se-fearless-blue-the-great.jpg',19,'jordan-1-mid-se-fearless-blue-the-great','jordan-1-mid-se-fearless-blue-the-great',156555),(1,'supreme-18-stormy-tee-white-product product description  is simply dummy text of the printing and typesetting industry. Lorem Ipsum has been the industry\'s sta\n','supreme-18-stormy-tee-white-product.jpg',20,'supreme-18-stormy-tee-white-product','supreme-18-stormy-tee-white-product',343553),(1,'supreme-aguila-tee-purple product description  is simply dummy text of the printing and typesetting industry. Lorem Ipsum has been the industry\'s sta\n','supreme-aguila-tee-purple.jpg',21,'supreme-aguila-tee-purple','supreme-aguila-tee-purple',3553),(1,'supreme-backpack-ss19-black product description  is simply dummy text of the printing and typesetting industry. Lorem Ipsum has been the industry\'s sta\n','supreme-backpack-ss19-black.jpg',22,'supreme-backpack-ss19-black','supreme-backpack-ss19-black',23553),(1,'supreme-backpack-ss20-red product description  is simply dummy text of the printing and typesetting industry. Lorem Ipsum has been the industry\'s sta\n','supreme-backpack-ss20-red.jpg',24,'supreme-backpack-ss20-red','supreme-backpack-ss20-red',234553),(1,'supreme-bandana-box-logo-hooded-sweatshirt-light-blue product description  is simply dummy text of the printing and typesetting industry. Lorem Ipsum has been the industry\'s sta\n','supreme-bandana-box-logo-hooded-sweatshirt-light-blue.jpg',25,'supreme-bandana-box-logo-hooded-sweatshirt-light-blue','supreme-bandana-box-logo-hooded-sweatshirt-light-blue',254553),(1,'supreme-supremeandis-envy-li-adjustable-blade-clipper-red product description  is simply dummy text of the printing and typesetting industry. Lorem Ipsum has been the industry\'s sta\n','supreme-supremeandis-envy-li-adjustable-blade-clipper-red.jpg',27,'supreme-supremeandis-envy-li-adjustable-blade-clipper-red','supreme-supremeandis-envy-li-adjustable-blade-clipper-red',4553),(1,'test-configurable-product-15104 product description  is simply dummy text of the printing and typesetting industry. Lorem Ipsum has been the industry\'s sta\n','test-configurable-product-15104.jpg',29,'test-configurable-product-15104','test-configurable-product-15104',553);
/*!40000 ALTER TABLE `Product` ENABLE KEYS */;
UNLOCK TABLES;
/*!40103 SET TIME_ZONE=@OLD_TIME_ZONE */;

/*!40101 SET SQL_MODE=@OLD_SQL_MODE */;
/*!40014 SET FOREIGN_KEY_CHECKS=@OLD_FOREIGN_KEY_CHECKS */;
/*!40014 SET UNIQUE_CHECKS=@OLD_UNIQUE_CHECKS */;
/*!40101 SET CHARACTER_SET_CLIENT=@OLD_CHARACTER_SET_CLIENT */;
/*!40101 SET CHARACTER_SET_RESULTS=@OLD_CHARACTER_SET_RESULTS */;
/*!40101 SET COLLATION_CONNECTION=@OLD_COLLATION_CONNECTION */;
/*!40111 SET SQL_NOTES=@OLD_SQL_NOTES */;

-- Dump completed on 2020-06-05 17:02:36
